"","Search","Result","Acty_Date"
"1","Aladdin","Aladdin",2019-11-02
"2","Aladdin","Aladdin",2019-11-02
"3","Aladdin","Aladdin",2019-11-02
"4","Aladdin","Aladdin",2019-11-02
"5","Aladdin","Aladdin",2019-11-02
"6","Aladdin","Aladdin",2019-11-02
"7","Aladdin","Aladdin",2019-11-03
"8","Aladdin","Aladdin",2019-11-03
"9","Aladdin","Aladdin",2019-11-03
"10","Aladdin","Aladdin",2019-11-03
"11","Aladdin","Aladdin",2019-11-03
"12","Aladdin","Aladdin",2019-11-03
"13","Camaron","Camar贸n: Flamenco y revoluci贸n",2019-11-02
"14","Camar贸n: Flamenco y revoluci贸n","Camar贸n: Flamenco y revoluci贸n",2019-11-03
"15","Camar贸n: Flamenco y revoluci贸n","Camar贸n: Flamenco y revoluci贸n",2019-11-03
"16","Camar贸n: Flamenco y revoluci贸n","Camar贸n: Flamenco y revoluci贸n",2019-11-03
"17","Camarn","Camar贸n: Flamenco y revoluci贸n",2019-11-02
"18","Captain Fantastic","Captain Fantastic",2019-11-05
"19","Captain Fantastic","Captain Fantastic",2019-11-05
"20","Captain Fantastic","Captain Fantastic",2019-11-05
"21","Captain Fantastic","Captain Fantastic",2019-11-05
"22","Captain Fantastic","Captain Fantastic",2019-11-05
"23","Captain Fantastic","Captain Fantastic",2019-11-05
"24","Captain Fantastic","Captain Fantastic",2019-11-05
"25","Captain Fantastic","Captain Fantastic",2019-11-05
"26","Captain Fantastic","Captain Fantastic",2019-11-06
"27","Jack Ryan","Jack Ryan, de Tom Clancy (Serie de TV)",2019-11-03
"28","Joker","Joker",2019-11-06
"29","Joker","Joker",2019-11-06
"30","Ocho apellidos vascos","Ocho apellidos vascos",2019-11-03
"31","Ocho apellidos vascos","Ocho apellidos vascos",2019-11-03
"32","Ocho apellidos vascos","Ocho apellidos vascos",2019-11-03
"33","Ocho apellidos vascos","Ocho apellidos vascos",2019-11-03
"34","Ocho apellidos vascos","Ocho apellidos vascos",2019-11-03
"35","Ocho apellidos vascos","Ocho apellidos vascos",2019-11-03
"36","Ocho apellidos vascos","Ocho apellidos vascos",2019-11-03
"37","Ocho apellidos vascos","Ocho apellidos vascos",2019-11-03
"38","Ocho apellidos vascos","Ocho apellidos vascos",2019-11-03
"39","Ocho apellidos vascos","Ocho apellidos vascos",2019-11-03
"40","Ocho apellidos vascos","Ocho apellidos vascos",2019-11-03
"41","Ocho apellidos vascos","Ocho apellidos vascos",2019-11-03
"42","Ocho apellidos vascos","Ocho apellidos vascos",2019-11-03
"43","Ocho apellidos vascos","Ocho apellidos vascos",2019-11-03
"44","Ocho apellidos vascos","Ocho apellidos vascos",2019-11-03
"45","Ocho apellidos vascos","Ocho apellidos vascos",2019-11-03
"46","Ocho apellidos vascos","Ocho apellidos vascos",2019-11-03
"47","Ocho apellidos vascos","Ocho apellidos vascos",2019-11-03
"48","Ocho apellidos vascos","Ocho apellidos vascos",2019-11-03
"49","Parque Jursico","Parque Jursico (Jurassic Park)",2019-11-02
"50","Parque Jursico (Jurassic Park)","Parque Jursico (Jurassic Park)",2019-11-02
"51","Parque Jursico (Jurassic Park)","Parque Jursico (Jurassic Park)",2019-11-02
"52","Parque Jursico (Jurassic Park)","Parque Jursico (Jurassic Park)",2019-11-02
"53","Parque Jursico (Jurassic Park)","Parque Jursico (Jurassic Park)",2019-11-02
"54","Parque Jursico (Jurassic Park)","Parque Jursico (Jurassic Park)",2019-11-02
"55","Parque Jursico (Jurassic Park)","Parque Jursico (Jurassic Park)",2019-11-02
"56","Parque Jursico (Jurassic Park)","Parque Jursico (Jurassic Park)",2019-11-02
"57","Parque Jursico (Jurassic Park)","Parque Jursico (Jurassic Park)",2019-11-02
"58","Parque Jursico (Jurassic Park)","Parque Jursico (Jurassic Park)",2019-11-02
"59","Parque Jursico (Jurassic Park)","Parque Jursico (Jurassic Park)",2019-11-02
"60","Parque Jursico (Jurassic Park)","Parque Jursico (Jurassic Park)",2019-11-02
"61","Parque Jursico (Jurassic Park)","Parque Jursico (Jurassic Park)",2019-11-02
"62","Parque Jursico (Jurassic Park)","Parque Jursico (Jurassic Park)",2019-11-02
"63","Parque Jursico (Jurassic Park)","Parque Jursico (Jurassic Park)",2019-11-02
"64","Parque Jursico (Jurassic Park)","Parque Jursico (Jurassic Park)",2019-11-02
"65","Parque Jursico (Jurassic Park)","Parque Jursico (Jurassic Park)",2019-11-02
"66","Parque Jursico (Jurassic Park)","Parque Jursico (Jurassic Park)",2019-11-02
"67","Parque Jursico (Jurassic Park)","Parque Jursico (Jurassic Park)",2019-11-03
"68","Parque Jursico (Jurassic Park)","Parque Jursico (Jurassic Park)",2019-11-03
"69","Parque Jursico (Jurassic Park)","Parque Jursico (Jurassic Park)",2019-11-03
"70","Parque Jursico (Jurassic Park)","Parque Jursico (Jurassic Park)",2019-11-03
"71","Sabrina","Las escalofriantes aventuras de Sabrina: Parte 2 (Serie de TV)",2019-11-02
"72","Shrek","Shrek",2019-11-02
"73","Shrek","Shrek",2019-11-02
"74","Shrek","Shrek",2019-11-02
"75","Shrek","Shrek",2019-11-02
"76","Shrek","Shrek",2019-11-02
"77","Shrek","Shrek",2019-11-02
"78","Shrek","Shrek",2019-11-02
"79","Shrek","Shrek",2019-11-02
"80","Shrek","Shrek",2019-11-02
"81","Shrek","Shrek",2019-11-02
"82","Shrek","Shrek",2019-11-02
"83","Shrek","Shrek",2019-11-02
"84","Shrek","Shrek",2019-11-02
"85","Shrek","Shrek",2019-11-03
"86","Shrek","Shrek",2019-11-03
"87","aladdin","Aladdin",2019-11-02
"88","captain fantastic","Captain Fantastic",2019-11-05
"89","el juego de ender","El juego de Ender",2019-11-02
"90","harry potter y la piedra filosofal","Harry Potter y la piedra filosofal",2019-11-02
"91","jack ryan","Jack Ryan, de Tom Clancy (Serie de TV)",2019-11-03
"92","ocho apellidos vascos","Ocho apellidos vascos",2019-11-03
"93","shrek","Shrek",2019-11-02
"94","Joker","Joker",2019-11-06
"95","Joker","Joker",2019-11-06
